,弹幕内容
0,撒花撒花～
1,留个爪
2,！！！！！！！！！
3,脸是怎么长那么大的？
4,摸个头你至于吗
5,摸个头你至于吗
6,jio印
7,信天翁 D-III战斗机
8,留下鲱鱼
9,下一站：格莱普尼尔
10,留个爪
11,留个爪
12,留个爪
13,感谢陪伴
14,r18重点
15,感谢各位绅士的陪伴
16,停车。快停车
17,留下自己
18,西耳微
19,缘的天空
20,期待下季
21,医学奇迹
22,众所周知，日本不锁门
23,脱衣服！
24,是不是玩不起
25,你倒是继续啊
26,车门焊死
27,玩不起？
28,电灯泡国光
29,危危危危危危危危危危危
30,留个jiojio
31,唉，你他娘的还真是个天才
32,工口
33,这才是真正的艺术
34,这个是真的艺术，不用遮挡
35,危危危危危危危危危危危危危危危危
36,按f掀开头盖骨
37,爪子
38,纱雾
39,纱雾
40,阿里嘎多
41,sahua~
42,左下角是要。。。。。。。。。。。。。。。。。。
43,你也没锁门？
44,万恶的马赛克
45,火箭太快了
46,留个jio印
47,谢谢提醒
48,握草
49,老绅士
50,留下脚气
51,太小了这
52,留下jio
53,大小和日本人一样
54,回顾完了，等会儿看ova
55,留下爪印
56,留个泡泡茶壶
57,前方万恶之源
58,果然是你
59,一不小心就肝完了
60,！！！
61,超速了
62,直接连肝12集
63,摄影师今晚和巴菲特共进晚餐
64,超速了，太快了
65,逻辑鬼才
66,斯巴拉西
67,没点赞
68,这是艺术作品
69,那一夜她长大了
70,妙啊
71,男生要在外面好好保护自己
72,ova见！
73,和泉：蜜汁满足
74,留下回忆
75,龌蹉
76,纱雾你变了
77,下一季见
78,到站了
79,留下大伊万
80,留下大伊万
81,吗的色影师你麻溜的啊
82,多星星抬个肾呢
83,这是摸上瘾了啊
84,足彩
85,摸，接着摸，等下把你摸秃
86,给你机会你不中用啊
87,拜拜啦！！！
88,感谢陪伴
89,那一天，她长大了
90,脱衣服！
91,危危危危危危危危危危危危危危危危危危危危危
92,正确的捂眼方式
93,矮子
94,核能
95,害怕
96,没点赞
97,好快的车车
98,工具人实锤
99,艺术的气息
100,拜拜
101,偷家了？
102,留个爪！
103,艺术。。。
104,嗯哼
105,哈哈哈哈
106,。。。。。
107,欸嘿嘿
108,留个jiojio.
109,留个脚印
110,留下jio气
111,哇啊！
112,到此一游
113,牛批
114,这女的百分之百看过
115,留个爪爪
116,QAQ
117,qnq
118,到此一游 
119,灵魂质问
120,拜拜 
121,老色胚了
122,留下jio印
123,留点jio印
124,哈哈哈
125,啊～
126,感谢陪伴
127,！！！！！！！！！！！！！！！
128,你会变得更强
129,纱雾老师牛批啊
130,到站了，下车了
131,0【=-0--00【-====】=】
132,报告吉吉国王没有发现毛毛
133,留下脚印
134,挖槽
135,留个无人区
136,留下血小板
137,留个爪印
138,三女一男是什么感觉
139,。。。。。。。。。。。。。。。。。
140,绅士视角
141,摄影师鸡腿里找主食
142,工口
143,。。。。。。。。。。。。。。。。。。
144,傲娇
145,又来一个
146,汝车之速，快似火箭，稳如泰山，吾甚不及汝
147,车车车，不是，这是火箭
148,。。。。。。。。。。。。。。。。。。。
149,FBI介入调查
150,。。。。。。。。。。。。。。。。。。
151,气成河豚
152,万恶之源的马赛克
153,哎嘿嘿
154,你们可真是群小机灵鬼
155,一男难敌三女
156,。。。。。。。。。。
157,这车也太快了吧！
158,小孩子要遭殃了
159,。。。。。。。。。。。。。。。。。。。。
160,这不是大卫吗
161,果然阿慧还是最懂的
162,孩子是无辜的
163,这就像是，三国争霸
164,爪印
165,留下RAN
166,大伙
167,再会
168,留个脚印
169,女少啊
170,前方露飞机高能！
171,前方露飞机高能
172,前方露飞机高能！！！
173,神tm露飞机
174,神TM露飞机
175,叫班长来
176,留个脚印
177,这是艺术
178,世界名画
179,这是艺术啊！
180,有下一季吗？
181,撒花
182,感谢陪伴
183,真正的绅士！
184,到站了
185,按F扑倒
186,录音棚里欢乐多
187,112人正在观看
188,摄像师请你吃国宴
189,录音棚里趣事多
190,表情亲传：桐乃
191,名场面
192,男孩子在里要好好保护自己
193,啊啊
194,摸吧使劲摸
195,舒服啊
196,额额额额额额
197,舒服不
198,这嘴.亲上去
199,小埋多好啊
200,瞬间........
201,出去啊
202,纱雾你。。。。
203,太。
204,技术指导：茄子
205,留个jio印
206,留下爪爪
207,留下jio
208,¿？¿？¿？¿？¿？¿？¿？¿？¿？¿？¿？¿？¿？¿？¿？¿？¿？¿？¿？¿？¿？¿？¿？
209,射射，谢了
210,送分题缘（）空
211,左下角！！！！！！！！！！！！！！！！！！！！
212,。。。
213,前辈就是前辈
214,罗志祥预警
215,这是飞机吧，这么快。。。
216,太给力了
217,目不识丁。。。
218,留下凯哥
219,留下撤硕
220,该下车了
221,留个币
222,colourful egg 哪去了？
223,eee
224,你会变得更强！
225,留下小脚印
226,留下脚印。
227,太草了太草了
228,。。。
229,有下一季吗
230,语言指导：火影玩家
231,jiao气
232,留下脚印
233,摸头杀a
234,留个爪印
235,_(눈_눈」∠)_开口跪
236,好快的车车
237,好评
238,同人本
239,报告吉吉国王，没有发现毛毛
240,班长写蒸发了？
241,留下罪证！
242,嘿嘿嘿嘿嘿嘿嘿
243,你家醋场炸了
244,留个脚印
245,留下银河系
246,各位把手里的针线活都放一放
247,车好快的车
248,你们卡吗
249,特别卡
250,对呀好卡
251,男人的底线
252,留个jio印
253,完蛋
254,留个爪
255,这就是本人留下的JIO印
256,熟悉的煎鸡蛋
257,awsl
258,摄影师的疯狂暗示
259,jio
260,留个jio印
261,祖传的猥琐
262,留个爪，完美撒花
263,这是怎么过的审？
264,好歹也得涂一个马赛克呀
265,留下子孙
266,嗦嘎
267,神tm露飞机哈哈哈哈
268,留下脱氧核糖
269,留个jio印
270,是真的可爱啊
271,正在
272,握草给摄影师加鸡腿
273,留个爪
274,完結撒花
275,嘿嘿嘿嘿嘿嘿嘿嘿嘿嘿嘿嘿嘿嘿嘿
276,快的人已经完事了
277,同意
278,留下juo印子
279,可爱的暗示
280,本性暴露
281,本性暴露
282,哇偶
283,嘿嘿嘿嘿嘿嘿嘿嘿嘿嘿嘿嘿嘿嘿
284,完結撒花，感謝陪伴
285,留下juo印
286,jio
287,吼吼
288,大老师和咲太教教孩子吧
289,留下肾上腺激素
290,钉钉时代，考古完成
291,好快的车车啊
292,伏见老贼
293,真是马了个寂寞啊
294,这集高能
295,下车下车
296,连肝12集
297,留个脚印
298,留下脚印
299,留个加印
300,留jio个印啦
301,就是有点小
302,jio气
303,前方高能
304,前方高能
305,jio气
306,jio气
307,这怕是摄影师最撑的一部番
308,舔啊！！！！！！！！！！！！！！！
309,值了
310,bo ki
311,这个姿势有点眼熟
312,少年腰不错
313,jio气
314,留下那得吧
315,搜嗄
316,前方回转
317,留下泪痕（手动滑稽）
318,留下子孙
319,前方高能
320,前方高能预警
321,前方高能预警
322,前方高能预警
323,前方高能预警
324,很工口
325,嘿嘿嘿嘿嘿嘿嘿嘿嘿嘿嘿嘿嘿嘿嘿嘿嘿嘿嘿
326,FBI!  open  the   door!
327,YEAH！！
328,好姿势！
329,yeah！！！
330,崛起了
331,老绅士要出手了
332,这。。。。。。。。
333,那两个工具人惨了
334,。。。
335,就这？
336,。。。。。
337,哇，厉害了
338,不忍直视
339,。。。。。这。。。。
340,老绅士。。。
341,干得漂亮
342,留下jiojio
343,一没有。
344,这还不可爱吗？
345,奥义摸头杀
346,还说要和男主嘿嘿嘿，就这体力？
347,留个脚印
348,留下硬币
349,各位绅士下期见
350,到此一游
351,jio印
352,留个泡泡茶壶
353,哈哈哈哈哈
354,前方高能
355,留个jiao硬
356,留下DNA
357,awsl
358,动作指导    门师傅
359,全体起立
360,色影师 满汉全席
361,又送上门一个
362,又来一个
363,疯狂暗示
364,留下脚印
365,留下脚印
366,小飞机
367,醋坛子′翻了
368,???
369,男孩子在家也要保护好自己啊！
370,关节散花，留下脚印
371,感谢陪伴
372,前方巨能
373,有下一季的么
374,原来沙雾才是魔鬼
375,膜拜！！！
376,留下第三条腿
377,留下小爪爪
378,又多了一个后宫
379,二为什么还不出
380,jio
381,丑女。
382,快，快把老夫的电脑配件哪来
383,留个脚印
384,留个jio印
385,jio气
386,录音棚里欢乐多
387,正宗你在想些什么
388,摄影师还在呢
389,真的要做吗？
390,好一个工人阶级口粮
391,留下染色体
392,留下脚印。
393,好码
394,放个爪子在这
395,各位绅士请把手从裤子里拿出来
396,填空题:缘_空
397,多猩猩抬个肾呐！
398,为了工人阶级口粮！
399,留下脚印
400,留个小爪爪~~
401,留下脚印
402,jiojio
403,留个jio印
404,男孩子在外要保护好自己
405,正确的捂眼方式
406,老绅士要出手了
407,这根
408,用爱发电？
409,同一个啊
410,留下脱氧核糖核酸
411,⸮¿?⸮¿?⸮¿?⸮¿?⸮¿?⸮¿?⸮¿?
412,你在想桃子，想多了
413,xswl
414,斯      把                           拉稀
415,厉害厉害
416,拜拜ﾉBye~ﾉBye~
417,真是怠惰啊～
418,连肝12集
419,那一夜 他们成长了
420,正片开始
421,正片结束
422,本集持续高能
423,留下染色体，感谢陪伴
424,前方高能预警
425,莫名打翻醋坛子
426,留下儿子
427,这啥游戏？玩具？
428,jio……印
429,她在狂喜！！！！
430,俺没摸妹子
431,留个jio印
432,撒花
433,感谢陪伴
434,前方名场面
435,留下腋毛
436,awsl
437,留个脚印
438,留个ijio印
439,吴克
440,留下jio气
441,留下种子
442,喵喵喵
443,都是帅哥
444,无人区吗？
445,金角银角
446,还真特喵有飞机
447,这什么神仙速度？
448,兄弟们，待会儿左下角有惊喜!真的是一个天大的惊喜!
449,奇怪的液体增加了
450,！！！！
451,祖传表情
452,前方高能
453,留个脚印
454,奇怪的知识，疯狂增加
455,拜拜啦
456,后会有期
457,嘿嘿
458,这就作为妹妹了？
459,留下阿尔法核弹头
460,留下染色体
461,留下染色体
462,拜拜咯，期待下一季
463,撒花
464,留下一条腿
465,留下核弹
466,留下脚印
467,首尾呼应
468,留个爪子
469,逐渐上头
470,连肝12集 超级喜欢纱雾
471,下季～再会啦～
472,拜拜~
473,女少口阿
474,留下脚步
475,吾疑汝且飚之，奈何吾示众，任其车轱辘轧于吾脸之上，甚痛！
476,完撒，感陪
477,艺        术
478,さようならみんな
479,疯狂明示，人和房间都一样
480,热身
481,严肃的脸，糟糕的台词
482,找惠啊
483,年轻的姐姐
484,老绅士出马
485,留下蝌蚪
486,德意志（？）好评
487,各位绅士下季见
488,班长就是装成熟
489,各位，请把手从裤子里面拿出来
490,日衣柜
491,摸秃是认真的吗？
492,留下分泌物
493,留下小爪子印
494,下一站：中二病也要谈恋爱
495,hhhhc
496,留下小蝌蚪。
497,连他妹妹都不放过
498,哈哈
499,awsl
500,留个脚印
501,这个动作好像在某个软件看过
502,轰轰轰
503,撒花
504,脚印
505,这个地方只看了亿遍
506,原形毕露
507,当场去世
508,各位绅士们请注意细节！！
509,里希特霍芬座驾
510,awsl！awsl！awsl！
511,字正腔圆
512,疯狂明示
513,是不是玩不起？
514,疯狂明示！
515,足あとが残る
516,世界名画！
517,怎么没了
518,剧情都没发展
519,yeah！
520,没亲上
521,没有币
522,小埋化
523,拜拜！
524,不亲没币
525,留个jio气
526,孩子是无辜的啊
527,高能预警
528,妙哉
529,。。。。。。。。。。。。。。
530,好可aaa
531,大号上线
532,你他娘就这点出息
533,2333车车
534,hhhhh
535,这是盘头吧
536,阿伟偷妹子
537,前进四
538,留个jio气
539,足迹
540,动作指导：土间埋
541,....................
542,趁机揩油
543,拜拜～(￣▽￣～)~了各位
544,求村正现在视角
545,摄影师留下
546,意大利空投弹药
547,简直就是妙蛙种子吃着妙脆角进了米奇妙妙屋妙到家了
548,给美国空投弹药
549,马上就完了，留个脚印
550,jio印
551, 拜拜
552,摸头起手
553,4p
554,爪爪
555,留下金坷垃
556,留下遗憾
557,留下纱雾与征宗的孩子
558,洗衣姬
559,工具人
560,老绅士
561,纱 ――――雾――――
562,哈哈哈
563,确定是头么
564,留下爪印
565,有内味了
566,¿疯狂暗示！
567,染色体 哈哈哈哈淦
568,师傅上号
569,¿？¿？
570,蝌蚪牛批
571,留下染色体~
572,遇事不决，量子力学
573,吨吨吨吨吨吨吨吨吨吨
574,一本正经地胡说八道
575,前方高能！
576,上头了上头了
577,美汁儿汁儿
578,后宫又着火了
579,斯巴拉西
580,不愧是悲风
581,留个jio印子
582,果断卖掉哥哥
583,nb
584,终于房间是亮的了
585,盘她
586,留个jio
587,等待下一季
588,留个爪爪
589,留个蝌蚪
590,嗯？！
591,  世  界  名  画  （各种角度上）
592,工口就是工人阶级的精神口粮
593,Jio气
594,没蛋蛋！
595,上面懵逼了……
596,万雌王
597,嗯？，，，哦豁？！
598,这集真高能
599,坐坐？！
600,纱雾
601,妙～～啊
602,大卫:有被冒犯到
603,散花~~~~~~
604,洗脑
605,爪爪
606,精准降落
607,这么圆你管这叫饼干？
608,qio
609,名场面。
610,留下一个jio印
611,求纱雾视角
612,留下爪印
613,你就这出息?
614,都这样暗示了啊
615,期待
616,出事
617,拜！！
618,吼吼吼
619,留jio
620,jioyin
621,不愧是你
622,谢谢款待
623,直接连肝12集
624,留下金坷垃
625,留下jiao气
626,留下猪蹄
627,留下基因
628,前方本番最高能
629,谁把车门焊死了？
630,多谢提醒
631,谢谢大家，请从后门下车
632,老绅士出手了
633,这个叫技术
634,‎|•'-'•)و✧
635,要技师嘛？嘿嘿
636,哪里都像
637,没了
638,由内为了
639,留印
640,一个比一个nb
641,jio印
642,留个爪爪
643,好可爱，再来个恶龙咆哮就完美了
644,继续看啊
645,好看吗，好看就好茶啊
646,留下jio
647,天。。。天堂
648,wc
649,你觉得光荣的人民鬼话会相信你的警察吗
650,wc
651,义务教育教科书，生物学
652,到此一游
653,！！！！！！！！！！！！！！！！！！！！！！！！！！！！！！！！！！！！！！！！！！1
654,emm
655,好快的车啊
656,留下jio印
657,jio印
658,这是大卫啊
659,留下jio印，啦，这是部好番
660,大卫！
661,大卫！
662,前方高能
663,高能高能高能
664,留下jio印，后会有期
665,牛批
666,出现了B站万恶之源
667,留下基因
668,你这是在摸头吗？
669,。。
670,车门已焊死谁都别想下车
671,。。。
672,留下jio印
673,撒花
674,jio气
675,火影玩家
676,孩子是无辜的
677,你会变得更强
678,官方逼死同人
679,留下精zi
680,哈哈哈哈哈
681,jio印
682,主角脑中终于有画面了。
683,亲上去 亲上去
684,正宫的警觉
685,名场面预警
686,留个爪子
687,在此一jio
688,jio
689,就完了吗
690,这怎么过申的
691,JIO
692,jio
693,留下jio印
694,像猫一样唉
695,感谢提醒
696,nb
697,下一季了
698,前方没蛋蛋高能
699,jio
700,这是艺术！米开朗琪罗的《大卫》！
701,留个小爪子
702,好快的车啊
703,有看头了
704,开始动手
705,留下狙击手
706,车车车
707,???
708,＋-＋
709,留个jio印
710,留下沙皇
711,这糟糕的台词
712,留个jio气
713,德国机票交来一张
714,留下硬币
715,今天色影师加霸王龙腿
716,话说阿惠谁还记得
717,工人阶级精神口粮
718,去沙特吧
719,没蛋蛋~~~
720,发色一样
721,多星星抬个肾啊
722,正宫の警觉
723,留下jio印
724,留下子孙
725,留下jio印
726,哇哦哇哦哇哦哇哦哇哦哇哦哇哦哇哦哇哦哇哦
727,jiao
728,留下爪印
729,留下爪印
730,留下爪印
731,留下醋酸正戊酯
732,拜拜
733,留下jio印~
734,拜拜了
735, 留个脚印。
736,阿伟偷袜子
737,嘿嘿嘿嘿嘿嘿嘿嘿嘿嘿嘿
738,哟西
739,高铁发车了已经
740,嘿嘿嘿嘿嘿嘿嘿嘿嘿嘿嘿嘿嘿嘿嘿嘿嘿
741,持续高能
742,车越来越快
743,多星星抬个肾呐
744,FBI open the door！
745,车车
746,头拿开
747,高能！！！！！！！！！！！1
748,脚印
749,注意
750,嘿嘿嘿嘿嘿嘿嘿嘿
751,完美继承了母亲的优点
752,哈死嘎西呢233
753,呦西
754,¿?¿?
755,小伙子很有操作a
756,留个脚印。
757,城里人真会玩
758,留个jiojiio
759,一群老乌龟
760,尊重艺术，请勿打吗
761,厉害
762,留个爪爪
763,论杂技的练成
764,留下脱氧核糖核苷酸
765,留个高分子
766,留下jio气
767,留下痔疮
768,留下脱氧核糖核苷酸
769,留下jio 印
770,留下伏特加
771,等个砸瓦鲁多的人
772,完結撒花，感謝陪伴
773,留个爪爪
774,留下一个小爪印
775,好大的房间
776,眯眯眼都是怪物
777,留下粑粑
778,小林家的龙女仆好像就是玩的这个
779,???
780,丈育是画不好工口的
781,肝了十二集！
782,留下爪印
783,多猩猩抬过肾呐
784,死去(   )(   )万事(   )
785,洗衣机唱得好
786,握草握草
787,这是艺术
788,期待下一季留下小爪爪
789,握草
790,留jio印
791,留个爪印
792,那一夜她变成了女人。
793,留下刃具
794,留下忍具
795,留下jio印
796,爪爪
797,嘿嘿嘿嘿
798,行为指导：梓川咲太
799,NB
800,前方高能
801,前方中文十级
802,打一手卡
803,真爱呀
804,谢谢陪伴
805,jio印
806,这个是美式英语
807,海绵体宝宝
808,留下纱雾
809,前方高能
810,OVA见
811,QwQ
812,留下爪子
813,官方出本
814,官方出本
815,爹妈起手？
816,给你摸秃了，让你摸
817,又是真空？
818,连肝十二级，不虚
819,从未失手
820,辉夜大小姐已笑飞
821,车车，好快的车车
822,摄影师:今天又是在鸡腿里找米饭的一天
823,留下口水阿巴阿巴阿巴阿巴
824,有钥匙？
825,哦豁，这波血亏
826,火箭，好快的火箭
827,⎝丧（）心（）病（）狂（）⎠
828,⎝丧（）心（）病（）狂（）⎠
829,马达捏
830,下一季见
831,jio
832,哇哦~这细节，有小缝缝
833,艺术就是画之之
834,jio
835,嘿嘿嘿嘿嘿嘿嘿嘿嘿
836,嘿嘿嘿嘿嘿嘿嘿嘿嘿嘿嘿嘿嘿嘿嘿嘿嘿嘿嘿嘿嘿嘿嘿嘿嘿嘿嘿v嘿
837,按个手印
838,哟西哟西哟西哟
839,留个jio jio
840,厉害厉害
841,离别的时候又到了啊
842,89人正在观看
843,mdd
844,秃了
845,危危危危危危危危危危危险
846,男主在干啥
847,醋王登场
848,绅士们下期见了
849,危危危危危危危危危
850,已留下美味的泡椒凤jio
851,真是怠惰啊
852,留下美味的泡椒凤jio
853,遇见钉钉遇见你
854,留jio
855,下车了下车了
856,您的好友，埃罗芒阿老师yi j
857,cuo wang
858,醋王出来吧.
859,醋王！
860,留个脚印
861,。。。。
862,留下脚印
863,Ezail 留
864,留个脚丫子
865,留个爪子
866,摸头失双亲
867,仔细看，夹着呢！
868,笑死
869,连肝12集
870,感谢提醒
871,下一季什么时候
872,桐子附体
873,。。。。。
874,沙悟胸上做个爪爪
875,撒花花
876,嘿嘿嘿
877,正片开始】
878,前方高能
879,摄影师∶为啥今天还TM是鸡腿？
880,留下痕迹
881,あなたも踊りたいですか?
882,あなたも踊りたいですか?
883,留下jio气
884,下一季见
885,关好门等着下一班车
886,妈听解
887,留脚印
888,炸毛了
889,这个画面似曾相识啊
890,绅士出动，注意绅士风度
891,有下个jiao气。
892,好快的车车
893,突然工口！
894,拜拜喽
895,不要啊~
896,？好小
897,脚印
898,留个爪印
899,嘿嘿嘿嘿嘿嘿嘿嘿嘿嘿嘿嘿嘿嘿嘿嘿
900,留下jio气
901,不，你偷了
902,国光
903,多猩猩抬个肾啊！
904,FBI
905,!!!!!!!!!!!!!!!!!!!!
906,下车啦！
907,结尾有彩蛋
908,留下小蝌蚪
909,撒花撒花
910,留下jiao印
911,求男主视角
912,jio
913,留下脚印
914,闭眼体会
915,留下脚印。
916,jio
917,jio
918,jy
919,到此一游
920,前面裙子动的是什么鬼
921,贝西呦贝西贝西贝西
922,留下jiao印
923,摸了一手油哈哈哈
924,???
925,前方核能！
926,阿伟快走
927,兄弟们！把艺术打在公屏上！
928,NB!!
929,嘿嘿嘿嘿嘿嘿嘿嘿
930,啥时候亲呀
931,啥时候亲…呀
932,完了，又来一个
933,拜拜
934,有感觉了
935,大大滴花姑娘
936,放过辉夜吧
937,没有亲亲嘛
938,小场面
939,留jiojio
940,神tm怎么过的审
941,下一季
942,拜拜
943,下一季见
944,留下口水
945,撒花啦
946,留个jio印
947,会长不高的
948,摄影师，今晚加鸡腿
949,有一个老实人，他没有说话
950,加恐鸡的腿
951,加霸王龙的腿
952,好一个大卫
953,双重弹目
954,恶龙咆哮
955,结尾居然没有（手动滑稽）
956,"¿""¿¿¿"
957,留下爪子
958,这门终于打开了
959,超速了，超速了
960,好看的车车
961,骨折剧情
962,、牛
963,留个爪印
964,留个爪
965,留个爪
966,感谢陪伴
967,。。。。。。。
968,这是艺术
969,完了完了完了完了完了完了完了完了完了完了完了完了完了完了
970,连肝留个爪子
971,留个小雨衣
972,JIO阴
973,真.六道仙法秽三代一笼子火摸头之术
974,超级正确的捂眼方式
975,完了完了完了完了完了完了完了完了完了完了完了完了完了完了完了完了完了完了
976,290英里
977,オェカゥアキキォコキククスソシセチゾ
978,プパピリユヒネッツ
979,ェゥァォォキアェゼゾテダソズチヌッ
980,ツユチゼゼネネッヂノノハヨユョモム
981,淦淦淦淦淦淦淦淦淦淦
982,留个脚印儿
983,留下小蝌蚪
984,留个爪
985,JIO阴
986,动作指导：小鸟游六花
987,一夫四妻制
988,wtm
989,ソオォゥエイガシスサセ
990,前方高能！
991,一个表情
992,生理课开始了
993,留下爪爪
994,自作孽，不可活
995,意大利空投弹药，给美国空投弹药
996,这是艺术！！
997,nb！！！！！！！！
998,小手一o，p都.....等等这是哪里
999,留下口水
1000,吾凝汝驱车且飚之，奈何吾无据以示众，任其车轱辘扎于吾脸之上，甚痛
1001,吾凝汝驱车且飚之，奈何吾无据以示众，任其车轱辘扎于吾脸之上，甚痛
1002,吾凝汝驱车且飚之，奈何吾无据以示众，任其车轱辘扎于吾脸之上，甚痛
1003,留下脚印
1004,下一季！！！！！
1005,awsl
1006,真艺术，大卫
1007,色影师加鸡腿
1008,色影师加鸡腿。
1009,上头了
1010,进度君撑住啊
1011,嘿嘿嘿嘿嘿嘿嘿嘿嘿嘿嘿嘿嘿嘿嘿嘿嘿嘿嘿嘿嘿嘿嘿嘿嘿嘿嘿嘿嘿嘿嘿嘿嘿嘿嘿嘿嘿
1012,下一站，干物妹小埋
1013,期待下一部
1014,啊这。。。。
1015,王杰。散花~
1016,已经不是用一句话或两句话，证明你不色。
1017,留下jio气
1018,你他娘的还真是个天才。
1019,万恶的马赛克
1020,已经是成年人的水平了。
1021,留下等离子炮
1022,注意这集超级高能非战斗人员请撤离
1023,没蛋蛋~~~~
1024,求视角
1025,王德发
1026,留下脚印
1027,男孩子在里要保护好自己
1028,开炮
1029,护眼护眼护眼护眼护眼护眼护眼护眼
1030,大卫牛批
1031,精准
1032,妈听解，爸放棍
1033,FBI，open the door!
1034,拜拜
1035,cece
1036,这个头型危险丫
1037,留个爪子
1038,私も見せて
1039,C======巨工工工工工工工工>
1040,FBI！
1041,真·露飞机
1042,留下泡泡糖一颗
1043,干巴黎
1044,就这
1045,留jio气
1046,前方高能
1047,没蛋蛋
1048,工口
1049,留个爪爪
1050,哈哈哈哈哈
1051,dd位置不对
1052,字正腔圆
1053,a上去啊！
1054,嘿嘿嘿嘿
1055,高能
1056,动作指导:高坂京介  高坂桐乃
1057,生物没学过吗
1058,不出下一季，寄刀片
1059,马跑了吗？
1060,前方开飞机高能
1061,哈哈哈
1062,留个脚丫
1063,拜拜，下季见
1064,高能 名场面
1065,阿伟偷妹子
1066,留下脚气
1067,班长呢？
1068,下一部见 绅士们
1069,留下脚气
1070,⺈巴
1071,留个爪爪
1072,嗯好的
1073,留下大伊万
1074,你不就是
1075,舍不得呀……
1076,车车
1077,好兄弟
1078,艺术不需要码
1079,下季见诸位
1080,就这？
1081,下一季有泳装吧？草帽那个〔手动滑稽〕
1082,Happy end
1083,上面那两位还活着吗
1084,留下脚印
1085,下一季见
1086,拜拜
1087,下车咯，留下一个小爪子
1088,金金引起的血案
1089,又来？
1090,留下脚印！
1091,留下公粮
1092, 留下一个脚趾头。
1093,留下42码的大脚印
1094,前方核能
1095,在此留下个爪
1096,官方吐槽最为致命
1097,停车停车
1098,惠不是说她看过吗
1099,坠机了，请求支援
1100,工口大师
1101,放开这个男孩
1102,卧操！！！
1103,可爱的地方？扇贝？
1104,完了
1105,孩子是无辜的
1106,龙卷风摧毁停车场
1107,一天追完，留个jio印
1108,留个爪
1109,谢谢提醒
1110,哈哈哈哈哈
1111,深藏不露啊！
1112,FBI！open the door！
1113,她在狂笑
1114,留个小jio印
1115,留个小jiojio的印
1116,工人阶级口粮
1117,举个爪爪
1118,....
1119,真～～～空
1120,摄影师：都是鸡腿没有饭呀！
1121,rim日柜
1122,下一季见
1123,拜拜！
1124,兄弟，流批怪
1125,拜拜辽
1126,留个脚印
1127,飞机的一万种打法
1128,爪爪
1129,真·飞机
1130,留下jiao印
1131,特聘色影师下季见
1132,留下jio气！
1133,留下内脏
1134,留个鸡爪
1135,留个爪吧
1136,动作指导:土间埋
1137,哈哈哈
1138,哦豁~
1139,妙啊
1140,你很怠惰啊
1141,拜拜啦
1142,楼下jio印
1143,nb
1144,短了短了
1145,洗衣姬，名场面
1146,jin印
1147,你就是馋她身子
1148,哈哈哈
1149,jiojio
1150,勇闯无人区
1151,同志进来坐坐
1152,说扇贝的都是鬼才
1153,说扇贝的都是鬼才
1154,拜拜
1155,jinjin
1156,没蛋蛋！
1157,留下jio子
1158,留个爪子
1159,师傅上号了
1160,动作指导:波风水门
1161,爪子
1162,色影师今晚国宴
1163,开局摸头
1164,出现了，传说中的日墙
1165,小飞机飞呀飞
1166,哈哈
1167,艺术啊
1168,佩服佩服
1169,留下爪爪
1170,害怕
1171,大卫不小了，正常尺寸吧
1172,班长什么时候出来啊
1173,吆西吆西吆西吆西吆西吆西吆西吆西吆西吆西吆西吆西吆西吆西吆西
1174,贝西贝西
1175,有吗，都没有露啊
1176,闭眼新天地
1177,jio印
1178,到站下车了
1179,emm
1180,这是生孩子了？？！！！！！！！！！！！！！！！！！！！！！！！
1181,兄弟懂啊！！！！！！！！！！！！！！！！！！！！！
1182,留个脚印
1183,谢谢
1184,你无个脚气。
1185,脱你大衣
1186,……
1187,终点站
1188,开心
1189,一下子肝完12集
1190,哈哈哈哈
1191,留下脚步
1192,留个小爪爪
1193,家里蹲
1194,留个jio印
1195,留下DNA
1196,感谢陪伴
1197,危危
1198,什么东西
1199,勇闯无人区
1200,家人们拜拜下期见，留个记号
1201,下季见啦
1202,留下脱氧核糖核酸
1203,可爱的 地方
1204,这糟糕的台词
1205,真TM的露飞机
1206,留下牙印
1207,留下牙印
1208,苏联空投核弹
1209,咪呜咪呜咪呜咪呜
1210,大国工口
1211,嘿嘿嘿嘿嘿嘿
1212,小破站生物课
1213,辉夜笑s
1214,留下TNT
1215,可以可以
1216,怎么不脱了・_・?・_・?
1217,艺术不需要马赛克
1218,再次提醒男孩子，出门要好好保护自己哦
1219,留个缘分的天空
1220,让她脱让她脱
1221,一起脱一起脱
1222,留个jio印
1223,啥情况
1224,留下车印
1225,话说，工口到底是啥
1226,林正英家的李云龙?
1227,车车超速了
1228,这bgm不是铁甲小宝吗
1229,拜拜
1230,你不要过来呀
1231,沒蛋蛋
1232,风水轮流转
1233,留下基因
1234,手机看还能自己操控屏幕，真爽
1235,留下自己
1236,找班长来说呗
1237,an
1238,爱你
1239,留下爪子。
1240,哇呜～
1241,留下妙蛙种子
1242,留下车胎。
1243,留个零之使魔
1244,留个jio印
1245,留下jiao印
1246,留下个脚印
1247,多猩猩抬个肾呐
1248,留下染色体
1249,素材？手动滑稽
1250,下一季见兄弟们
1251,脚印
1252,留个盐巴
1253,拜拜啦，留个脚印
1254,扇贝 可以哦
1255,wc
1256,肾宝 你值得拥有
1257,真tm是个天才
1258,留下jio印
1259,走火入魔了？
1260,zhua
1261,撒花
1262,jio
1263,拜拜了
1264,脱完了要
1265,取材取材
1266,长大了
1267,拜拜咯！
1268,你不也是吗
1269,留个jio印
1270,ova
1271,留个印记
1272,危！
1273,哟西
1274,哈哈哈哈
1275,可爱
1276,一天肝完
1277,哈哈哈哈哈
1278,哈哈哈哈哈
1279,妙啊
1280,妙啊
1281,留下手印
1282,太小了吧......
1283,阿伟乱葬岗
1284,按个jio印
1285,这糟糕的台词
1286,感谢陪伴
1287,老火影玩家了
1288,留下jio印
1289,语言指导：菜月昂
1290,车车，好快的车车
1291,np
1292,美丽哥
1293,留下jio印
1294,男主在期待些什么
1295,到站了
1296,火影玩家觉得很淦
1297,???
1298,那个留下液体的，你够了
1299,留下脱氧核糖核酸
1300,老夫的眼睛啊
1301,留下DNA
1302,恶龙抢食
1303,万恶马赛克
1304,???
1305,一天一遍
1306,钉钉时代
1307,连肝12集
1308,哈哈哈哈
1309,他们俩没有血缘的
1310,哈哈哈
1311,。。。
1312,留个爪爪
1313,留下自己的脚印
1314,嘻嘻嘻嘻
1315,毛毛呢
1316,危危危危危危
1317,嘻嘻嘻嘻嘻
1318,留下夜来香
1319,jiao
1320,嘿嘿嘿
1321,留个jio印，1天肝完的
1322,小埋化
1323,洞洞哎
1324,看见洞洞了
1325,演示一下(滑稽)
1326,留下腋来香
1327,留下Y染色体
1328,留个小爪爪
1329,摄影师把镜头对准你该对准的人
1330,各位把手从裤子里拿出来
1331,这TM是火箭吧
1332,哥哥的流氓觉醒了
1333,马赛克去掉就更好了
1334,工口就是工人阶级的精神口粮
1335,名场面预警
1336,恶龙护食
1337,男孩子在外要保护自己
1338,留个爪
1339,嘿嘿嘿嘿嘿嘿
1340,闭眼新世界
1341,啊这。。
1342,啊这，，，，，，，，，，，
1343,hhhhhc
1344,嘻嘻嘻嘻嘻嘻
1345,啊这。。。
1346,留下遗传物质
1347,这。。。
1348,拜拜了各位
1349,下季见！
1350,绅士下车
1351,留下jio气
1352,nb
1353,火影玩家表示有被冒犯到。
1354,留下DNA
1355,祖传表情
1356,留下jio印
1357,留下染色体
1358,等会儿，班长惠呢
1359,////////
1360,留下jio印，感谢陪伴
1361,考古结束
1362,脚印
1363,留个脚印
1364,留jiojio
1365,留下非凡哥
1366,脚印
1367,下季见咯
1368,所以，色影师到底是男是女？
1369,到站了
1370,医学奇迹
1371,被遗忘的两人
1372,抢篮板，哎~
1373,配音室里欢乐多
1374,臣附议!!!
1375,目不识丁
1376,十级地板语
1377,大力丸
1378,正确的捂眼方式
1379,女少口阿！
1380,工口
1381,留染色体
1382,东亚醋王
1383,绅士们，下季见
1384,工口精神粮
1385,动作指导；毒液
1386,流下口水
1387,把你摸秃
1388,呼叫班长
1389,Q w Q
1390,在劫难逃。
1391,贼喊捉贼
1392,留个DNA
1393,万恶的马赛克
1394,前方高能火箭
1395,摄影师深陷鸡腿堆里无法自拔
1396,没~蛋~蛋！
1397,绅士们下季间(滑稽)
1398,现在手里有帐篷的兄弟萌扣个一
1399,留个jio音
1400,jio
1401,留个爪子
1402,画小了
1403,留下小爪爪
1404,动作指导：小埋
1405,车车
1406,留jio印！
1407,留下jio印
1408,超速了超速了
1409,留个爪爪，下一季见兄弟萌
1410,留下染色体
1411,留下jio印
1412,记笔记
1413,艺术不需要马赛克
1414,下车了
1415,一克嗖 永带妹
1416,留下jio气
1417,肤色指导:凸守
1418,万恶的马赛克
1419,魔鬼
1420,看条识蛋
1421,老绅士
1422,楼上那俩腰已经断了。
1423,填空题答案     (之)
1424,感谢陪伴
1425,前方高能！！！！
1426,大家拜拜咯
1427,哈哈哈哈嗝
1428,划重点 可爱的地方
1429,多猩猩抬个肾那
1430,进度单
1431,hhhh
1432,留个小jiojio的印
1433,本级非常高能
1434,有女生吗
1435,班长知道
1436,拜拜~
1437,拜拜~
1438,高能预警
1439,高能预警
1440,斩灭剑
1441,不只是想摸头吧
1442,这叫摸头？
1443,摄影师看着办
1444,这美妙的弧线
1445,这糟糕的台词
1446,日本真好
1447,工口
1448,拜金可还行
1449,摄影师拉出去喂老鼠
1450,留根手指
1451,妙啊
1452,女少口阿
1453,留个脚印
1454,要下车了
1455,危危危危危
1456,艺术！！！！
1457,有下一季吗
1458,尾  蛋。懂?
1459,妙啊
1460,摸头的特殊效果
1461,没蛋蛋-------------
1462,哦吼魔鬼
1463,嘿嘿嘿哈哈哈嘿嘿嘿
1464,屏幕前的观众请收起你的姨母笑
1465,嘿嘿嘿嘿嘿嘿嘿嘿
1466,害怕
1467,哟西哟西
1468,快停车，太快了
1469,WC
1470,这一天，她们成长了
1471,万恶的马赛克
1472,好想法
1473,留下爪爪~
1474,不愧是你
1475,《大卫》就很棒
1476,真：奥义摸头杀
1477,看就看还摸
1478,留下爪印
1479,牛头on
1480,留个头
1481,嘿嘿嘿嘿嘿嘿嘿嘿嘿嘿嘿嘿嘿嘿嘿嘿嘿嘿嘿嘿嘿嘿嘿嘿
1482,前方高能预警——————————————
1483,留个jio印
1484,铁十字飞机
1485,加鸡腿！！！
1486,赛高啊
1487,留jio印
1488,不行要笑死。
1489,◥◣◥◣◥◣◥◣◥◣◥◣◥◣◥◣◥◣◥◣◥◣前方高能◥◣◥◣◥◣◥◣◥◣◥◣◥◣◥◣◥◣
1490,没后续了。
1491,撒花撒花。
1492,撒花撒花，撒花撒花。
1493,按f自杀
1494,窃格瓦拉
1495,撒花撒花。
1496,本秀全剧终
1497,抓爪。
1498,◥◣◥◣◥◣◥◣◥◣◥◣◥◣◥◣◥◣◥◣◥◣前方高能◥◣◥◣◥◣◥◣◥◣◥◣◥◣◥◣◥◣
1499,留下帽子。
1500,大卫
1501,声音指导：“富坚”
1502,113人了！！！、
1503,全彩r18吗
1504,首尾呼应
1505,八嘎
1506,？？
1507,全彩r18
1508,严肃，不要笑
1509,留下脚气
1510,这就把哥哥卖了
1511,出门了！
1512,老绅士出手了
1513,怪怪的
1514,上啊
1515,jio印
1516,钉钉结束时代留言
1517,ヾ(✿ﾟ▽ﾟ)ノ
1518,留下美好的回忆
1519,握住命脉
1520,jio印
1521,想起了小埋
1522,纱雾是你的时间了
1523,快疯了
1524,上面两个疯了
1525,继续呀
1526,打啥码啊
1527,危危危
1528,狠人
1529,车门开了
1530,相信哦哦XXOO
1531,jio印
1532,哥哥下去。换士织
1533,撒花撒花~
1534,小脚
1535,紗ーーーーーーーーーーーーーーーーーーーーーーーーーーーー霧ーーーーーーーーーーー
1536,你会变得更强
1537,iio
1538,小O一手，P抖没有
1539,你们绝对是魔鬼
1540,留下液体
1541,留个爪爪
1542,留个爪
1543,蛋包饭
1544,学成归来
1545,学成归来
1546,学成归来
1547,阿伟乱葬岗
1548,你还真别说……
1549,留下小jio气
1550,德意志三翼飞机
1551,留下DNA
1552,嘿嘿嘿嘿嘿嘿嘿嘿嘿嘿嘿嘿
1553,//////////////////////
1554,BBBBBBBB
1555,jio印
1556,下一站:中二病也要谈恋爱.
1557,留下tyh糖
1558,请乘客们坐稳扶好，下一站:中二病也要谈恋爱
1559,左下角好东西
1560,留下jio气
1561,瞬间原形毕露
1562,颅内高潮
1563,还上头了
1564,雾纱
1565,惠惠？
1566,保罗大卫
1567,举个猪蹄
1568,撒花撒花
1569,好小啊
1570,就这？？
1571,逻辑鬼才
1572,あなたもダンスを思い出しますか？和泉征宗
1573,停下，请出示你的火箭驾驶证
1574,留下脚印
1575,鬼才，评论区的都是鬼才
1576,他还是个孩子呀
1577,留下jiao印
1578,火影玩家：摸头？你敢再说一遍吗？
1579,上瘾了上瘾了
1580,留下DNA
1581,留下脚影
1582,脚印yang
1583,留下涩涩
1584,是打玛了还是本身就这样
1585,摸头杀
1586,知道才是个问题吧
1587,神tm怎么过的审
1588,艺术不要打玛
1589,你不是个艺术家真的枉了
1590,留下手G印
1591,嘿嘿嘿嘿嘿嘿嘿嘿嘿嘿嘿嘿嘿嘿嘿嘿嘿嘿嘿嘿嘿嘿嘿嘿嘿嘿
1592,笑死了
1593,炸裂了
1594,老绅士
1595,可，爱的地方
1596,摸头点赞，不服就干
1597,！！！！！！！！！！！！！！！
1598,二乔行为
1599,这是超音速飞机。
1600,撒花
1601,"(ﾉ""◑ڡ◑)ﾉ"""
1602,xswl
1603,！！！！！！！！！！！！！！！！！！！！！！！！
1604,下一季在哪
1605,这叫艺术好吗
1606,臣附议！！！！！
1607,叫阿宗，应该属于关系好的同学或亲梅
1608,到站，下车了
1609,◣◥◣◥◣◥◣◥◣◥◣◥◣◥◣◥◣◥◣前方高能◥◣◥◣◥◣◥◣◥◣◥◣◥◣◥◣◥◣◥
1610,◣◥◣◥◣◥◣◥◣◥◣◥◣◥◣◥◥◣前方高能◥◣◥◣◥◣◥◣◥◣◥◣◥◣◥◣◥◣◥
1611,正确的捂眼方法
1612,◣◥◣◥◣◥◣◥◣◥◣◥◣◥◣◥◣◥◣前方高能◥◣◥◣◥◣◥◣◥◣◥◣◥◣◥◣◥
1613,艺术不需要马赛克！
1614,◣◥◣◥◣◥◣◥◣◥◣◥◣◥◣◥◣◥◣前方高能◥◣◥◣◥◣◥◣◥◣◥◣◥◣◥◣◥◣◥
1615,留下脚气
1616,到站了
1617,台词指导：rewrite（天王寺瑚太朗））
1618,留下爪爪
1619,真正的艺术不需要马赛克
1620,危危危危危危危危危危危危危危危危危危危危危危危危危危危危危危危危危危危危危危危危危危
1621,完了，一夫四妻了
1622,！！！！！！！！！！！！！！！！！！！！！！！！！！！！！！！！！！！！！！！！！！1
1623,留下jiao印
1624,留个证明
1625,醋坛子翻了
1626,一出手就知道是元老级绅士了
1627,◥◣◥◣◥◣◥◣◥◣◥◣◥◣◥◣◥◣◥◣高能◥◣◥◣◥◣◥◣◥◣◥◣◥◣◥◣◥◣◥◣
1628,◣◥◣◥◣◥◣◥◣◥◣◥◣◥◣◥◣◥◣前方高能◥◣◥◣◥◣◥◣◥◣◥◣◥◣◥◣◥◣◥
1629,◣◥◣◥◣◥◣◥◣◥◣◥◣◥◣◥◣◥◣前方高能◥◣◥◣◥◣◥◣◥◣◥◣◥◣◥◣◥◣
1630,◣◥◣◥◣◥◣◥◣◥◣◥◣◥◣◥◣◥◣前方高能◥◣◥◣◥◣◥◣◥◣◥◣◥◣◥◣◥
1631,正确的捂眼方式
1632,一场由金金引发的血案
1633,留个爪
1634,哈哈
1635,喂喂喂喂喂喂喂
1636,妙啊
1637,还有人记得班长么？？？
1638,留下小憨堡
1639,无敌猫爪
1640,你也是加把劲骑士
1641,说扇贝的。。。强啊！！！
1642,不记得剧情就回来
1643,"亲,这边建议反过来使用"
1644,留下祖传染色体
1645,留下脚印
1646,感谢卤蛋，留下爪爪
1647,工 
1648,班长没了
1649,留下大fff团的标志
1650,留下人影
1651,留下花花
1652,◣◥◣◥◣◥◣◥◣◥◣◥◣◥◣◥◣◥◣前方高能◥◣◥◣◥◣◥◣◥◣◥◣◥◣◥◣◥◣◥
1653,◣◥◣◥◣◥◣◥◣◥◣◥◣◥◣◥◣◥◣前方高能◥◣◥◣◥◣◥◣◥◣◥◣◥◣◥◣◥◣◥
1654,◣◥◣◥◣◥◣◥◣◥◣◥◣◣◥◣◥◣前方高能◥◣◥◣◥◣◥◣◥◣◥◣◥◣◥◣◥◣◥
1655,◣◥◣◥◣◥◣◥◣◥◣◥◣◥◣◥◣◥◣前方高能◥◣◥◣◥◣◥◣◥◣◥◣◥◣◥◣◥◣
1656,◣◥◣◥◣◥◣◥◣◥◣◥◣◥◣◥◣◥◣前方高能◥◣◥◣◥◣◥◣◥◣◥◣◥◣◥◣◥◥
1657,◣◥◣◥◣◥◣◥◣◥◣◥◣◥◣◥◣◥◣前方高能◥◣◥◣◥◣◥◣◥◣◥◣◥◣◣◥◣◥
1658,◣◥◣◥◣◥◣◥◣◥◣◥◣◥◣◥◣前方高能◥◣◥◣◥◣◥◣◥◣◥◣◥◣◥◣◥◣◥
1659,◣◥◣◥◣◥◣◥◣◥◣◥◣◥◣◥◣◥◣前方高能◥◣◥◣◥◣◥◣◥◣◥◣◥◣◥◣◥
1660,◣◥◣◥◣◥◣◥◣◥◣◥◣◥◣◥方高能◥◣◥◣◥◣◥◣◥◣◥◣◥◣◥◣◥
1661,◣◥◣◥◣◥◣◥◣◥◣◥◣◥◣◥◣◥◣前方高能◥◣◥◣◣◥◣◥◣◥◣◥◣◥◣◥◣◥
1662,◣◥◣◥◣◥◣◥◣◥◣◥◣◥◣◥◣◥◣前方高能◥◣◥◣◥◣◥◣◥◣◥◣◣◥◣◥◣◥
1663,◣◥◣◥◣◥◣◥◣◥◣◥◣◥◣◥◣◥◣前方高能◥◣◥◣◥◣◥◣◥◣◥◣◥◣◥
1664,关掉屏幕发现新世界
1665,◣◥◣◥◣◥◣◥◣◥◣◣◥◣◥◣◥◣前方高能◥◣◥◣◥◣◥◣◥◣◥◣◥◣◥◣◥
1666,脱脱脱脱脱脱脱脱脱脱脱脱
1667,嘿嘿嘿嘿嘿嘿
1668,期待下一季
1669,这是。。。福娃？
1670,奇怪的动作增加了
1671,留个爪子
1672,艺术不需要马赛克
1673,祖传染色体来一条
1674,给摄影师加托尔的尾巴
1675,好嗨哦
1676,留下脚印
1677,哈哈哈哈
1678,艺术就是爆炸
1679, 怎么过的申啊！！！
1680,前方高能预警，各位绅士做好准备
1681,后会有期
1682,进来做做嘛
1683,币，懂？
1684,撒花
1685,留下jiao印
1686,专 业
1687,狙击手失血过多
1688,留下爪印
1689,给摄影师5粒饭。
1690,撒有哪啦！洗衣姬~
1691,。。。。。。
1692,多猩猩抬个肾呐
1693,真是怠惰
1694,。。。。。。。。。。
1695,正确捂眼方式
1696,留下染色体
1697,留下屁屁
1698,摸头习见秒变超影
1699,嘿吉
1700,留个脚印，证明来过
1701,撒花
1702,摸个头而已啊
1703,阿斯玛
1704,好兄弟
1705,真正的绅士
1706,实干派
1707,留下脚印
1708,老绅士了
1709,留下脚印，感谢陪伴！～～
1710,折磨王
1711,发个屁
1712,留下爪爪
1713,留下脚印
1714,友情提醒！ova献初吻了哦‎|•'-'•)و✧
1715,土间埋行为
1716,大爹吧you
1717,脚印
1718,小埋行为
1719,快结束了好舍不得
1720,留个屁
1721,留个爪
1722,完了，修罗场开启
1723,jio
1724,不公平，为什么男性的可以露
1725,留下猪蹄印
1726,又多了一个
1727,留下脚印
1728,就这？就这就这？
1729,大脑在颤抖
1730,同意
1731,嘿嘿嘿嘿嘿嘿
1732,吾辈之楷模
1733,留个爪爪
1734,留j
1735,jio应
1736,弾幕を弾幕に隠す
1737,人言否？
1738,留jio气
1739,撒花！
1740,连干12集，爽
1741,撒花撒花
1742,多猩猩抬个肾呐！
1743,撒花花！
1744,就这?
1745,感谢陪伴
1746,留下一血
1747,留下棍
1748,狼虎之词
1749,炸了
1750,封号斗罗？
1751,臣附议
1752,肝完了肝完了
1753,嘿嘿嘿嘿
1754,留个脚印
1755,握草，好可爱
1756,牛壁
1757,龙卷风摧毁停车场
1758,握草
1759,留下一个鸟嘌呤
1760,这就叫目不识丁
1761,留个脚印
1762,前方可是地狱啊【万恶之源】
1763,win~win~win
1764,闭眼新世界
1765,留个jio印
1766,嚯嚯
1767,嘿嘿嘿嘿嘿嘿嘿嘿嘿嘿嘿嘿嘿嘿嘿嘿嘿嘿嘿嘿嘿嘿嘿嘿嘿嘿嘿
1768,嘿嘿嘿嘿嘿嘿嘿嘿嘿嘿嘿嘿嘿嘿嘿嘿嘿嘿嘿嘿嘿嘿嘿嘿嘿嘿嘿
1769,嘿嘿嘿嘿嘿嘿嘿嘿嘿嘿嘿嘿嘿嘿嘿嘿嘿嘿嘿嘿嘿嘿嘿嘿嘿嘿嘿
1770,嘿嘿嘿嘿嘿嘿嘿嘿嘿嘿嘿嘿嘿嘿嘿嘿嘿嘿嘿嘿嘿嘿嘿嘿嘿嘿嘿
1771,嘿嘿嘿嘿嘿嘿嘿嘿嘿嘿嘿嘿嘿嘿嘿嘿嘿嘿嘿嘿嘿嘿嘿嘿嘿嘿嘿
1772,危危危危危危危危危危危危危
1773,前方中文十级预警
1774,危危危危危危危危危危危危危危危危危危危危危危危危危危
1775,哪都可爱
1776,语言指导：486
1777,亲妈真传
1778,留下脚印
1779,填空题：死去（）（）万事（）
1780,艺术就是爆炸
1781,留下爪子
1782,洗衣姬哎
1783,S~e~x
1784,没了吗？
1785,名场面
1786,哦吼吼吼吼吼
1787,后宫の内讧
1788,一夫亿妻
1789,摸头起手 等下穿三
1790,hhhhh
1791,奥义 瞬间变脸
1792,变脸吗 什么时候！
1793,狙击手已就位
1794,OVA见
1795,血亏这一波
1796,你会变得更强！
1797,工人阶级精神口粮
1798,留下脚印
1799,ヾ(✿ﾟ▽ﾟ)ノ
1800,哇透
1801,留个jio印
1802,真是个小机灵鬼啊= =
1803,有下一季吗？
1804,这样发展还得好几季==
1805,纳 粹 余 孽[doge]
1806,亲，币，丝，二，懂？
1807,下季见，拜
1808,各位下期见
1809,留下鼠式
1810,摸头点赞
1811,撒花
1812,和某你在犯罪
1813,WC
1814,有点橘
1815,撒花
1816,发生了什么？
1817,WC
1818,完結撒花，感謝陪伴
1819,老子都快笑出猪声了
1820,！！！！！！！！！！！！！！！！！！
1821,竹笋山脉
1822,伏见老贼:你别说，还真是。
1823,nb
1824,哇草！！！！！！！！
1825,！！！！！！！！！
1826,猿形暴露
1827,！！！！！！！！！！！
1828,好机智
1829,你特娘还真是个天才
1830,WC！！！！！！！
1831,WC
1832,牛皮
1833,摄影师说吧今晚是想鸡腿里找饭还是满汉全席里找餐厅
1834,留个鸡爪
1835,导演，摄影师，伏见老贼今晚满汉全席加鸡腿
1836,大卫————!!!
1837,妙啊妙啊
1838,神TM掀开头盖骨
1839,色影师今晚就算是要吃特朗普都给你抓过来
1840,大卫表示疑惑
1841,嘿嘿嘿嘿嘿嘿嘿嘿嘿嘿嘿嘿嘿嘿嘿嘿嘿嘿嘿嘿嘿
1842,摄影师就没有吃过一粒米
1843,摄影师今晚满汉全席
1844,啊这
1845,米开朗基罗
1846,赚了
1847,马赛克你明天不用来上班了
1848,全部留下。
1849,8p
1850,一服一
1851,撒花撒花
1852,留下脚气
1853,撒花
1854,大舅哥你还好吗
1855,留下俺的唧唧
1856,为了工人阶级口粮！
1857,吼吼吼吼吼
1858,山崎龙二
1859,留下jio气
1860,留下15倍
1861,请闭眼享用
1862,hhh
1863,留下亲热天堂
1864,不错
1865,留下爪印
1866,叕；来
1867,老套路了
1868,动作指导：富堅勇太
1869,感谢陪伴
1870,撒花花啦
1871,后会有期
1872,牛B
1873,留个jio
1874,留个爪爪
1875,萌混过关
1876,jio
1877,师傅上号了
1878,奇怪的声音增加了！
1879,哇哈哈哈哈
1880,细节教学
1881,真.飞机
1882,留特别的个jio音
1883,奇怪的知识增加了！！！
1884,完結撒花，感謝陪伴
1885,留个小爪爪~~
1886,库嘿嘿
1887,感谢陪伴
1888,⌯'ㅅ'⌯
1889,下一季见了
1890,前方高能
1891,这这……这不是
1892,撒花撒花
1893,工口
1894,前方高能
1895,留下基因
1896,留个印记
1897,表情指导：千反田爱瑠
1898,留下妙蛙种子
1899,留下jio气
1900,多谢兄弟
1901,哈哈哈
1902,留个爪哈哈哈哈
1903,|\\\\\\\\万恶之源\\\\\\\\\|
1904,前方核能
1905,发现新世界了
1906,一直以为是个胖胖～
1907,居然这样对待孩子
1908,发现新世界了
1909,谁敢跳手打断
1910,谁敢跳op手打断
1911,留下和纱雾的孩子
1912,留下爪印
1913,前方高能预警
1914,按下手印
1915,留下脚丫
1916,快发
1917,是不是有一部分没有遮住
1918,下车了
1919,感谢陪伴
1920,钉钉时代结束
1921,op不要走
1922,后会有期
1923,新的女人
1924,谁抖小手，打断op
1925,开头见，嗷
1926,谁抖op，打断小手
1927,留在鸡腿
1928,进去了〈滑稽〉
1929,楼下脚印
1930,感谢陪伴
1931,前方大伊万
1932,奇怪的声音
1933,留下小爪爪
1934,哦豁，危危危危危危危危
1935,留下户口本
1936,醋坛子翻了
1937,掰掰喽各位绅士们
1938,（•）（•） |•||•| \•/\•/
1939,留个脚印
1940,留个爪子
1941,这个姿势（手动滑稽）
1942,惠不是说看过吗
1943,危危危危危危危危
1944,就这
1945,留下分泌物
1946,奇怪的后宫又增加了
1947,多猩猩抬个肾啊！
1948,留下jio气
1949,留个爪痕
1950,留下个寂寞
1951,都是老身上
1952,他还只是个孩子啊！！！
1953,都是老绅士了（滑稽）
1954,一个个都开始了昂
1955,色隐私
1956,juo印
1957,留下痕迹
1958,按个手印
1959,都是老绅士了啊（滑稽滑稽）
1960,万恶之源——马赛克君
1961,这是情敌啊
1962,掰掰
1963,根本不能一起愉快的玩耍
1964,鸡嘎摸都……
1965,留下爪子
1966,留下一只阿蒙
1967,留下小jiojio
1968,留下jio印，同qing
1969,留下jio
1970,难道长错地方啦？
1971,鸡腿加摄影师
1972,血亏，亏亏亏
1973,漏了个缝。
1974,吉吉国王没有发现毛毛。
1975,医疗兵加血加血。
1976,前方核能前方核能。非战斗人员。迅速撤离。
1977,前方核能非战斗人员。迅速撤离。
1978,前方核能。非战斗人员。迅速撤离。
1979,前方核能非战斗人员。迅速撤离。
1980,完美撒花
1981,留下jio印
1982,赫赫赫赫
1983,前方核能。非战斗人员。迅速撤离。
1984,前方核能。非战斗人员。迅速撤离。
1985,前方核能。非战斗人员。迅速撤离。
1986,前方核能。非战斗人员。迅速撤离。
1987,前方核能。非战斗人员。迅速撤离。
1988,好一个大卫。
1989,多猩猩抬个肾呐！
1990,哇塞
1991,可以，这很工口
1992,留下一片空气
1993,娇羞
1994,女生，这里
1995,撒花喽！
1996,下一站：EVA
1997,真实
1998,留下喵爪爪
1999,车门以焊死
2000,留下小爪爪
2001,撒花
2002,jiojio
2003,按F绞杀
2004,这上头的
2005,留下jiu印
2006,貢ぎ口
2007,留个脚气。
2008,dokidoki?
2009,hhhc
2010,危危危危危危危危危危危危危危危危危危
2011,祖传痴汉笑
2012,表情
2013,鸡蛋蛋？
2014,她鲨疯了
2015,留下头发
2016,！！！！
2017,期待下期
2018,留个爪爪
2019,留下爪爪
2020,眼熟的剧情！
2021,摸头而已，你不要这么兴奋啊
2022,可以可以
2023,留个小jiojio的印
2024,ILIL
2025,留下项上人头
2026,留下爪子
2027,留下抓痕
2028,jiojio
2029,……………………………………在死亡边缘疯狂试探
2030,留脚印
2031,4飞？
2032,脚下jio印
2033,留下项上人头
2034,bo ki
2035,留下屁
2036,jio印
2037,留下爪印
2038,完了要坑小孩子了
2039,小孩子，你很危险
2040,绅士留言
2041,ZAIJIAN \
2042,ZAIJIAN
2043,XSIJISN
2044,+---------+
2045,留个爪
2046,前方超高能预警
2047,世界名画
2048,小手一抖，OP没有
2049,思想是真的优秀。
2050,留下姨妈笑
2051,不愧是你
2052,上流
2053,莱纳，要做吗，在这里！
2054,锁孔看他～
2055,彼得•帕克
2056,官方本
2057,拜拜啦
2058,小飞机友情客串
2059,臣卜木曹
2060,车车，好快的车车
2061,录音棚里欢乐多
2062,艺术不需要马赛克！
2063,摸头反杀
2064,老绅士要出手了
2065,◥◣◥◣◥◣◥◣◥◣◥◣◥◣◥◣◥◣◥◣◥◣已经高能◥◣◥◣◥◣◥◣◥◣◥◣◥◣◥◣◥◣
2066,◥◣◥◣◥◣◥◣◥◣◥◣◥◣◥◣◥◣◥◣◥◣已经高能◥◣◥◣◥◣◥◣◥◣◥◣◥◣◥◣◥◣
2067,嘿嘿嘿嘿嘿嘿嘿嘿嘿嘿嘿嘿嘿嘿嘿嘿嘿嘿嘿嘿嘿嘿嘿嘿嘿嘿嘿
2068,神奇的马赛克
2069,疯狂暗示！！！！！！！！！！！
2070,留下jiojio
2071,真正的艺术
2072,留个脚印
2073,真上流
2074,嘿嘿嘿嘿嘿嘿嘿嘿！
2075,盖手印了
2076,跳op的打断腿
2077,嘿嘿嘿嘿嘿嘿嘿嘿嘿嘿嘿嘿嘿嘿嘿嘿嘿嘿嘿嘿嘿嘿嘿
2078,正宗上啊！都暗示到这个地方了！
2079,嘿嘿嘿嘿嘿嘿嘿嘿嘿嘿嘿嘿嘿嘿嘿嘿嘿嘿
2080,亲一下啊
2081,几秒不见
2082,留下JIO印
2083,大脑在颤抖
2084,留下爪爪
2085,看不到车
2086,快要完了
2087,留下jiao jiao
2088,把自己留下
2089,亲，币，懂    ？
2090,艺术不需要马赛克‘
2091,裤子动了
2092,留下空气
2093,狙击手报告:根本看不见
2094,先开除道具师
2095,留下纱雾
2096,jio印
2097,留下个脚印
2098,留下jiojio
2099,留个爪爪
2100,又是一个名场面
2101,正宫家中坐，帽从天上来
2102,一半了
2103,丧（gan）心（de）病（piao）狂（liang）
2104,留个脚印
2105,班长没了吗
2106,狼虎之词
2107,ko no
2108,老绅士了
2109,丧（gan）心（de）病（piao）狂（liang）
2110,baka
2111,母子？
2112,留下juo印
2113,留个爪爪
2114,吆西
2115,做做
2116,留下脚气
2117,这是书店老扳
2118,前方高萌
2119,留下液体
2120,jiao
2121,留下jiu印
2122,OAD呢，
2123,jio印
2124,前方高能
2125,论正确的遮眼方式
2126,留下jio jio
2127,。。。。。
2128,危危危危危危危危危危危危危危危危危危危危危危危危危危危危危危危危危危危危危危危危危危危危危危危
2129,留脚印了啦啦啦
2130,撒花撒花～
2131,谁把车门焊死了
2132,留下jiojio
2133,牛批
2134,祖传痴汉笑
2135,全屏马赛克看你妹吗
2136,发现萌物
2137,还有两级的ova呢
2138,男孩子要注意保护好自己
2139,感谢
2140,撒花撒花～
2141,。。。。。。
2142,给她看！！！
2143,！！！！！！！
2144,不得了，不得了
2145,！！！！
2146,！！！！！！！！！！！！
2147,！！！！
2148,少女口阿
2149,！！！！！！！！！！！
2150,！！！！！！！！！！！
2151,左下角
2152,。。。。。
2153,车车，好快的车车！
2154,来至一位绅士的提醒：前方闭眼食用更佳
2155,留下小jio子
2156,//
2157,留下jio印
2158,持续高萌
2159,前方“淑女”预警
2160,前方高能，非战斗人员尽快撤离！
2161,流下小蝌蚪
2162,那样的名头的人是不会知道那样名头的人是不会知道那样名头的人的
2163,眼睛没了
2164,拜拜啦
2165,期待下一季
2166,亲一个
2167,艺术品啊
2168,摸什么按手印啊
2169,给美国空投弹药
2170,留下爪子
2171,下亿季见
2172,好颜艺
2173,握草
2174,啧啧啧
2175,马赛克哈哈哈哈
2176,拜拜
2177,香辣味jio气
2178,それは...
2179,[null]
2180,下亿季见
2181,留下硬币
2182,留个硬币。
2183,齁你毛
2184,太羞耻了
2185,撒花
2186,留下jio印
2187,留下DNA
2188,班长还没意识到事情的严重性
2189,留下中分
2190,非静止画面
2191,留下DNA
2192,现在这也是有泡泡茶壶的
2193,留下jio印
2194,◣◥◣◥◣◥◣◥◣◥◣◥◣◥◣◥◣◥◣拜拜◥◣◥◣◥◣◥◣◥◣◥◣◥◣◥◣◥◣◥
2195,全裸
2196,留个脚印
2197,马达啦
2198,缘分的天空
2199,连肝一季
2200,班~长
2201,聊天鬼才
2202,index
2203,危危危危危危危危危危危危危危危危危
2204,灵魂拷问……危危危危危危危
2205,危危危危危危危危危危危危危危危危危危危危
2206,危危危危危危
2207,老伸士了
2208,没~蛋~蛋~
2209,留个爪子
2210,留个小爪印。
2211,嘿嘿嘿
2212,留下jio印
2213,留下智子
2214,留下口工
2215,留个小爪爪
2216,留个小爪爪
2217,班长知道
2218,原形毕露
2219,补肾丸xswl
2220,下一站：CLANNAD
2221,射射，已经谢了
2222,你不就是吗
2223,精德狂喜
2224,留下jio印
2225,可以
2226,留下鞋垫
2227,咔咔咔
2228,够了够了
2229,一手油哈哈哈
2230,哥哥稳赚不亏
2231,前方核能
2232,感谢陪伴
2233,留下jio印
2234,缘x空
2235,咦     万恶的马赛克
2236,暴躁的火影玩家们
2237,吾疑汝且飚之，奈何吾示众，任其车轱辘轧于吾脸之上，甚痛！
2238,好兄弟  你币赢了
2239,哈哈哈
2240,笑死
2241,哦耶
2242,人人都是蒸汽姬
2243,留下dd
2244,班长快来
2245,哈哈哈
2246,还是个孩子啊
2247,笑死哈哈哈
2248,为了艺术
2249,拜拜啦
2250,淦淦淦淦
2251,摸到一手油
2252,留下基因
2253,男主有够惨的
2254,洗衣姬洗衣姬洗衣姬洗衣姬
2255,哈哈哈哈哈你干嘛
2256,护食
2257,留下jio印
2258,留下脱氧核糖核酸
2259,老绅士了
2260,jiao，jiao，jiao
2261,留下jio 印
2262,下一部
2263,留下口水
2264,美月指导动作
2265,危危危危危危危危危危危危危危危危危危危危危危危危危
2266,危危危危危危危危危危危危危危危危危危危危危危危危危
2267,危危危危危危危危危危危危危危危危危危危危危危危危危
2268,陆地上的飞机
2269,神他丫的飞机
2270,各位请用手打字
2271,留下证明。
2272,留下眼珠子
2273,录音棚里趣事多
2274,留下个jio印
2275,jio印
2276,留下脚气jio
2277,~~~~~
2278,撒花
2279,好舍不得
2280,留下爪爪的印记
2281,留下染色体
2282,感谢陪伴
2283,juo印
2284,动作指导:搓澡的门师傅
2285,轴心国轰炸机?
2286,留下jio印
2287,拜拜
2288,留下一杯乌龙茶
2289,身体很拒绝，但心里很诚实
2290,细节好评！！！
2291,川剧精髓
2292,爪爪
2293,摸头点赞，拒绝再战
2294,留下jio气
2295,摸你的头，吃你的分，好兄弟
2296,下部番见
2297,留。   懂。  
2298,几个了都……
2299,留下jio印
2300,oppoa5
2301,下一集见
2302,有画面了
2303,hhhh
2304,缘分的天空
2305,左下角高能
2306,多谢各位大哥的提醒
2307,大卫蒙了
2308,好快就结束啦
2309,臣附议
2310,臣附议
2311,留下jiojio
2312,分明是你自己也想看
2313,正确的捂睛方式
2314,按耐不住心中的好奇。。。
2315,后会有期
2316,2倍数新世界
2317,流下小蝌蚪
2318,那一天，她成长了
2319,撒花
2320,留下jio印，感谢陪伴
2321,大好笑了
2322,艺术不需要马赛克
2323,撒花，感谢陪伴
2324,水虫を残す.
2325,每集都说你没偷袜子，不然你就偷了
2326, 感谢陪伴的个脚印
2327,留下手印
2328,就是肝没有别的
2329,嘿嘿嘿嘿嘿嘿嘿嘿嘿嘿嘿嘿嘿嘿
2330,工口工口
2331,awsl
2332,花花
2333,留下脚印
2334,mingming
2335,留下爪气
2336,jio气
2337,等下，，这个bgm！！
2338,填空题：缘_空
2339,嘿嘿嘿
2340,你再骂！
2341,天秀
2342,是魔鬼呀！
2343,嘿嘿嘿嘿嘿嘿嘿
2344,高手
2345,jiojio
2346,115人了
2347,裤子动了
2348,妖精的右脚画反了
2349,不好意思，看成拿下门顶门了
2350,动作指导:勇太
2351,留jio印
2352,jio
2353,留下jio气
2354,撒花
2355,嘿嘿嘿嘿嘿嘿嘿嘿嘿嘿嘿嘿嘿嘿嘿嘿嘿嘿嘿嘿嘿嘿嘿嘿嘿嘿嘿嘿嘿嘿嘿嘿嘿
2356,嘿嘿嘿嘿嘿嘿嘿嘿嘿嘿嘿嘿嘿嘿嘿嘿嘿嘿嘿嘿嘿嘿嘿嘿嘿嘿嘿嘿嘿嘿
2357,留个jio印
2358,完了
2359,留下jio气
2360,脚印
2361,脚印
2362,肥料就用金坷垃
2363,撒花撒花
2364,挖槽
2365,哈哈哈
2366,挖 槽
2367,征村之奥义：秒变脸挪几自
2368,果断卖哥
2369,臣卜木曹
2370,吼吼吼吼吼吼吼
2371,留下吻痕
2372,留下吻痕
2373,嘿嘿嘿
2374,13来过
2375,wc￼
2376,印迹
2377,厉害
2378,一上午肝完，留个抓
2379,亲上去
2380,亲一个
2381,留下个泡泡茶壶
2382,xs
2383,jio
2384,来自火影玩家的摸头
2385,多猩猩抬个肾呐
2386,印迹
2387,留下jio气
2388,血亏啊
2389,留下脚印
2390,留下罪证
2391,逐渐变态
2392,撒花
2393,航空史密斯
2394,散花～
2395,留个鸡爪
2396,留个小jiojio
2397,留个爪
2398,留个脚印
2399,都是老绅士了
2400,求男主视角
2401,！！！！！！！！！！！！！
2402,留个jio印
2403,老绅士了
2404,男孩子在家要注意保护好自己呢
2405,正确的捂脸方式
2406,前方高能
2407,留下脚印
2408,爱死纱雾了，期待下一季
2409,男主萎了12集
2410,撒由那拉
2411,大卫觉得很淦
2412,留下DNA
2413,啊伟偷妹子
2414,头都给笑掉
2415,留下脚印
2416,留个爪印
2417,留下印记
2418,留下瓜子
2419,。。
2420,火影玩家暴怒
2421,嘴角疯狂上扬
2422,色影师满汉全席
2423,感谢
2424,嘴角疯狂上扬
2425,埋化
2426,叫多一个来看
2427,出大问题
2428,色影师加鸡腿
2429,撒花                   脚印
2430,留下脚印
2431,多谢提醒
2432,留下爪爪
2433,留下印记
2434,啊啊啊
2435,炯印
2436,盲猜真空
2437,嘿嘿嘿嘿嘿嘿嘿
2438,留下一根手指头
2439,留下小脚印
2440,留下口水
2441,前方高能
2442,留个印
2443,完美撒花
2444,俺也一样
2445,留下脚印jpg
2446,爪子
2447,前方名场面
2448,留下jio印度
2449,完了！？
2450,缘の空
2451,连肝十二集
2452,兄弟你人格尊严呢？
2453,臣附议
2454,真.文艺复兴
2455,近处名场面
2456,留下jio比
2457,嘴角疯狂上扬
2458,艺术不需要马赛克
2459,飞机？
2460,车车
2461,男孩危
2462,老绅士了
2463,留个jio印
2464,可以可以
2465,感谢陪伴
2466,下季见咯
2467,留下脚印
2468,留个爪爪
2469,留jio
2470,留下精y
2471,kimoji
2472,留下狼jio子
2473,没蛋蛋
2474,多猩猩抬个肾啊
2475,多猩猩抬个肾啊
2476,留个脚印
2477,到此一游
2478,留下脚却
2479,留下jiao印
2480,动作指导：小理
2481,爪子
2482,爪子留下
2483,必须挖宝
2484,留个jio印袄
2485,留下jio印
2486,留下脚印
2487,留下猫爪
2488,留下jio印
2489,上头了
2490,好可爱啊
2491,绅士的目光总是相同的
2492,泪目
2493,嗯，确认过是亲妹
2494,jio
2495,狙击枪干就完了
2496,好短
2497,留下脚印
2498,感谢陪伴袄留下jio印
2499,下一季见
2500,下车
2501,留下一个没舔过的包
2502,留下爪爪
2503,下车了
2504,jio
2505,前方高能。。。
2506,前方高能。。。
2507,这才是一个真正的老绅士
2508,nice
2509,12集没跳过OP
2510,摄影师今晚霸王龙腿里找饭
2511,感谢
2512,留个爪子
2513,给你摸秃了，让你摸
2514,撒花！！
2515,咱们某花见
2516,没了。。。。555
2517,留下ji o印
2518,所以说，那个班长是干啥的，都多少集了
2519,哈哈！
2520,屏幕面前的你们收起姨母笑
2521,留下尾巴
2522,留个爪子
2523,噢耶！
2524,前方高能
2525,没见过不会画
2526,嘿嘿嘿
2527,舒服吗？
2528,ji o
2529,留下爪爪
2530,留下jio印
2531,大卫太tm秀了
2532,下一站：中二病也要谈恋爱
2533,一本正经的说糟糕的台词！
2534,留下爪印
2535,无人区无人区
2536,精神小伙
2537,留个jio印
2538,留印
2539,留印
2540,niconico咋成niyaniya了
2541,niyaniya草
2542,感谢陪伴。。留个爪爪呀
2543,期待下季 
2544,让她观摩一下吧
2545,留下个大爪爪
2546,下车了
2547,没！蛋！蛋！
2548,留下jio印
2549,多星星抬个肾呐
2550,留下脚印，下季在见喽
2551,日柜
2552,连肝12集
2553,哟西哟西
2554,jio印
2555,拜拜
2556,精准降落，留下jio印
2557,糟糕的台词
2558,你TM笑什么？
2559,“做”
2560,班长没戏份了？
2561,留下jio气
2562,一看就知道没怎么上生物课
2563,留下肾
2564,不对，咋有点像精灵亚丝娜？！
2565,留下jiao应
2566,下季再会
2567,留下jio印
2568,下一季见
2569,小手一o
2570,大へんたい
2571,留下jio印
2572,留下脚印
2573,发色很合适
2574,有机可乘左下角快看
2575,下一季见～
2576,夏和小配音太可爱了
2577,一晚上肝完
2578,这就完了？
2579,留下沙皇核弹
2580,留下爪爪
2581,狙击大队准备
2582,楼上的两个腰已经快断了
2583,什么时候上的火箭？
2584,结束了，大家都散了吧
2585,留下jio印
2586,多猩猩抬个肾呐
2587,好快
2588,爱了爱了
2589,留下jiao骑
2590,班长呢
2591,又是一个不眠夜
2592,男孩子在家要保护好自己
2593,留下脚印
2594,留下小jio印
2595,撒花撒花～
2596,这能忍，摸回去
2597,留下。。。额
2598,拜拜拜拜拜拜各位
2599,留下眼睫毛
2600,留下脚印。
2601,男主用苹果7
2602,留下脚印。
2603,进来做做
2604,留下爪爪
2605,妙啊
2606,先生的好活那个是魔鬼吧
2607,动作指导：康娜，才川
2608,这集摄影师和上集摄影师一桌
2609,小蝌蚪的魔鬼
2610,名场面预定
2611,没！蛋！蛋！
2612,奇怪的声音
2613,没！蛋！蛋！
2614,帐篷？
2615,你还搁这杵着
2616,嘿嘿嘿嘿嘿嘿
2617,爱了爱了
2618,终于出场了
2619,！！！！！！！！这才是高手啊！！！！！！！
2620,夏季间。
2621,◥◣◥◣◥◣◥◣◥◣◥◣◥◣◥◣◥◣◥◣◥◣已经高能◥◣◥◣◥◣◥◣◥◣◥◣◥◣◥◣◥◣
2622,◥◣◥◣◥◣◥◣◥◣◥◣◥◣◥◣◥◣◥◣◥◣已经高能◥◣◥◣◥◣◥◣◥◣◥◣◥◣◥◣◥◣
2623,埃罗芒阿赛高！
2624,文艺复兴
2625,阿帕茶
2626,有的兄弟看着看着就点进了llq…
2627,这能忍？摸回去啊
2628,按F薅掉
2629,nope
2630,哈喽
2631,下一季见铁子们
2632,下一季见铁子们
2633,？？？
2634,撒花花
2635,留个爪印
2636,拜拜！感谢陪伴！！！！！！！！！！
2637,建议屏蔽：留下
2638,这个姿势。。。
2639,妙啊
2640,留给爪爪
2641,名场面预警
2642,留个爪爪
2643,下一站魔法少女伊莉雅
2644,前方高能
2645,全部留下
2646,原形毕露
2647,组团偷妹（1/1）
2648,闭眼体会
2649,瞬间变脸
2650,嘿嘿嘿嘿嘿
2651,wow
2652,楼上的快没了
2653,超音速飞机
2654,真是一个小机灵鬼
2655,童年阴影
2656,妙啊
2657,流批流批
2658,留个小爪爪。
2659,真是米老鼠吃了妙脆角进了妙妙屋，妙到家了
2660,嘿嘿嘿嘿嘿嘿嘿嘿嘿嘿嘿嘿
2661,没！蛋！蛋！
2662,摸头点赞
2663,摸头点赞拒绝再战
2664,NB
2665,留下无限麦茶
2666,留个爪
2667,是你有想法
2668,配音棚里欢乐多
2669,人民警察不会相信你的鬼话的。
2670,留个脚印
2671,留下juo印子
2672,大脑在颤抖！！！
2673,猪突猛进
2674,火影玩家表示疑惑
2675,她在狂笑。
2676,留下双手
2677,还会不会有下一季啊
2678,紗霧、愛しています
2679,摩擦摩擦摩擦摩擦
2680,◣◥◣◥◣◥◣◥◣◥◣◥◣前方高能◥◣◥◣◥◣◥◣◥◣◥◣◥
2681,前方高能！！！！！！
2682,高能高能！！！！
2683,摄影师今天鸡腿找饭
2684,留个GG
2685,留下生命起源
2686,◣◥◣◥◣◥◣◥◣◥◣◥◣前方高能◥◣◥◣◥◣◥◣◥◣◥◣◥
2687,FBI        Open      the       door
2688,这不就很可爱的嘛
2689,兄弟们，感谢陪伴
2690,鸭梨，手机
2691,留个脚印
2692,下季再会
2693,下一站:伪恋
2694,3女一男，看来有事情要发生，嘿嘿嘿嘿嘿嘿嘿嘿嘿嘿嘿嘿嘿嘿嘿
2695,奇怪的姿势增加了
2696,留个爪印
2697,还有后宫
2698,说扇贝的过分了啊
2699,嘿嘿嘿
2700,谁叫你不亲她
2701,OP抖一抖，小手就没有
2702,下一季呢
2703,有下一季吗
2704,打什么马赛克！？
2705,没蛋蛋
2706,没蛋蛋
2707,脚印
2708,色影师今天吃一卡车鸡腿
2709,留下泡泡茶壶
2710,就这？
2711,哈哈
2712,纳里
2713,铁板桥
2714,熟悉的煎鸡蛋
2715,留个爪
2716,留下自己的脚印
2717,楼上的两个人要哭了
2718,留个爪爪
2719,去一趟总站
2720,？？？
2721,工口就是：工人阶级精神口粮。
2722,下部见
2723,撒花
2724,最可爱的地方？
2725,撒花
2726,拜拜了
2727,wc
2728,人言否
2729,小埋行为
2730,安全降落
2731,留下猪蹄
2732,和枫相反
2733,爱的曲奇哈哈哈哈
2734,给米国空投弹药
2735,万恶的摸头杀
2736,？？？
2737,车门已锁死
2738,前方高能
2739,这个马赛克好恐怖
2740,撒花
2741,小手一抖，OP没有
2742,魔鬼
2743,你就这点出息？
2744,呦西呦西
2745,拜拜了
2746,继续肝
2747,别吃！里面有电脑配件！
2748,留个爪子
2749,工具人政宗
2750,医学奇迹
2751,阿巴阿巴阿巴阿巴
2752,这不是康娜玩的游戏么
2753,文艺复兴
2754,这不是康娜和才川……
2755,缘分的天空……
2756,宁就是万雌王
2757,留个小爪爪
2758,什么空？
2759,这一天你们成长了
2760,让班长来看
2761,eeeeeeee
2762,男孩子在家要保护好自己
2763,他还是个男孩子啊
2764,孩子是无辜的啊
2765,老绅士出马
2766,这tm怎么过的审
2767,◥◣
2768,◥◣◥◣◥◣
2769,中に紛れ込む
2770,给他演示一下，兄得
2771,相扑ing
2772,彼得帕克
2773,超工口
2774,轰逗你?
2775,妈见打
2776,！！！！！！！！！！！！！！！！！！！！！！！！！！！！！！！！！！！
2777,眼神指导食蜂
2778,嘿嘿嘿嘿嘿嘿嘿嘿嘿
2779,超工口的
2780,左下角马赛克歪了hhhhh
2781,可爱的地方嘿嘿嘿
2782,纱——————雾————
2783,名场面
2784,互相补刀
2785,车门已焊死
2786,留个爪爪
2787,忽略马赛克
2788,投币
2789,摄影师加鸡腿
2790,世界名画
2791,纱——————雾——————
2792,老绅士了
2793,留印
2794,无中生码
2795,嘿嘿嘿嘿嘿嘿嘿嘿嘿嘿嘿嘿
2796,下车
2797,留下基因
2798,前方高能
2799,请静止你的松岗行为
2800,撒花
2801,啊超快的车车
2802,好快的车车！
2803,好快的车
2804,摄影师在？鸡腿要吗
2805,哈哈哈哈哈啊哈哈哈
2806,臣附议！！！
2807,全裸
2808,全裸
2809,全裸
2810,全裸
2811,全裸
2812,害，这就完了
2813,留个爪几
2814,班长
2815,脚印
2816,危险发言
2817,突然想起基地里面假装摸头发就会很兴奋的小姐姐
2818,这些泡泡茶壶都是什么鬼
2819,火影玩家:小子等着
2820,洗衣姬！！！
2821,FBI  Open  the  door!!
2822,阿伟都偷了12集的妹子了，还没成吗
2823,妹妹最终也没能从屋子里出来
2824,那一刻，她长大了
2825,小短腿
2826,留个脚印
2827,???
2828,奇怪的后宫增加了
2829,名场面哈哈哈
2830,录音室里欢乐多
2831,R-18瞩目
2832,进度君撑住
2833,这个“摸”用的好
2834,掰掰了
2835,恶魔
2836,所以这码在打哪里
2837,附议
2838,太强了
2839,？？？/
2840,鼓掌
2841,放过那俩女孩
2842,正确捂眼方式
2843,喂喂喂，你车轱辘飞了
2844,留下物资
2845,看见了金坷垃。。。
2846,动作指导:小埋
2847,留下爪爪
2848,撒花
2849,真就开飞机呗
2850,前方高能
2851,谢谢大兄弟
2852,留下蝌蚪
2853,没蛋蛋～
2854,辉夜在狂笑
2855,下车
2856,下一站：辉夜大小姐
2857,有下季吗啊啊
2858,   Friend。
2859,泡泡茶壶出来走程序
2860,泡泡茶壶出来走程序
2861,.◣◥◣◥◣◥◣◥◣◥◣◥◣◥◣◥◣◥◣前方高能◥◣◥◣◥◣◥◣◥◣◥◣◥◣◥◣◥◣◥
2862,危危危危危危危危危危危危危危危危危危危危危危危危危
2863,你认真的吗？
2864,完美撒花
2865,期待期待
2866,上集彩蛋，懂？
2867,好臀
2868,打开头盖骨的过分了
2869,高能高能高能
2870,留个脚印
2871,前方高能高能高能高能
2872,到此一游
2873,留下染色体
2874,没蛋蛋
2875,留下微笑
2876,梅花三弄
2877,她在狂笑
2878,你好淡定啊
2879,留下脱氧核糖核酸
2880,名场面预警
2881,名场面
2882,玩坏了
2883,楼上的已经被玩坏了
2884,那一天，他们长大了
2885,男孩子在外要保护好自己
2886,哼(ˉ(∞)ˉ)唧
2887,到此一游
2888,⸮¿?⸮¿?⸮¿?⸮¿?⸮¿?⸮¿?⸮¿?⸮¿?
2889,老绅士了
2890,loux
2891,妙啊
2892,嘿嘿嘿嘿嘿嘿嘿嘿嘿嘿嘿嘿
2893,嘿嘿嘿嘿嘿嘿嘿嘿嘿嘿嘿嘿
2894,难阿
2895,画的好细节
2896,没蛋蛋—————————————
2897,啊。。这
2898,米开朗基罗
2899,楼上的两位……
2900,撑住啊
2901,留下纱雾
2902,长大了
2903,小手一抖，这是哪里？
2904,撒花
2905,无人区印爪
2906,？？？
2907,留下一条腿
2908,留下硬币
2909,期待下一季，感谢陪伴？
2910,留，下，见
2911,期待下一季
2912,纱雾！！！！
2913,留下爪爪
2914,这不就有一个现成的嘛
2915,留个泡泡茶壶
2916,无人区啊
2917,弹射起步！！！！
2918,一夫亿妻
2919,你他娘真是个天才
2920,wc
2921,秒啊
2922,中文听力
2923,啊啊 啊 啊啊  没看够啊
2924,糟糕的台词
2925,首尾呼应
2926,啊超快的车车
2927,连肝12集
2928,留下核糖体
2929,正宫の怒火
2930,不愧是你
2931,火影玩家表示很愤怒
2932,敌羞吾去脱他衣。！
2933,和失去你相比  怎样都无所谓
2934,躺枪的小孩
2935,乌拉
2936,真正的绅士
2937,奇怪的知识增加了
2938,哦~就这样这句话意味深长啊~
2939,◥◣
2940,这是要干什么？
2941,男主情商好高
2942,OP真的好好听呀
2943,是不是该脱了
2944,太草了罢
2945,封号斗罗
2946,锅包肉的传人呀
2947,期待下一季
2948,留下硬币
2949,留下体液
2950,各位绅士下一季见
2951,电话叫一个不就好了
2952,前方露机高能
2953,这不是本土特产吗
2954,世界名画
2955,留下猫爪
2956,摸了一头油
2957,附议
2958,前面说肾好的是个人才啊
2959,咪蛋蛋
2960,留个脚印
2961,画面自行脑补（滑稽）
2962,日墙了都
2963,有人想起惠了吗
2964,火影玩家觉得很干
2965,摄影师今晚吃国宴
2966,呦西
2967,她也不知道，让后…
2968,留个爪
2969,九折？九折？
2970,啊哈哈
2971,自己也
2972,自己也想看
2973,正确的捂眼方式
2974,噢吼
2975,没蛋蛋
2976,留个爪印！！！
2977,哦吼
2978,感谢各位陪伴
2979,蛋！！！
2980,摸头点赞，拒绝再战
2981,哈哈哈
2982,出大问题
2983,留下液体
2984,少年好颜艺
2985,来来来
2986,留个爪
2987,纱雾你才是最好色的
2988,留下人才
2989,人民警察不会听你解释的
2990,留个爪印
2991,人民警察不会听你们解释的
2992,留下
2993,錄音室裡樂趣多
2994,前方高能
2995,FBI open up
2996,老夫去去就来
2997,私の小さなnuはかわいいですね
2998,◣◥◣◥◣◥◣◥◣◥◣◥◣◥◣◥◣◥◣前方高能◥◣◥◣◥◣◥◣◥◣◥◣◣◥◣◥◣◥
2999,就这？
